Tema;Temapapa
Tema;
Arte ;Tema
Autoayuda y Espiritualidad ;Tema
Ciencias Humanas ;Tema
Ciencias Pol몂icas y Sociales ;Tema
Ciencias ;Tema
Cocina ;Tema
C묤ics manga infantil y juvenil ;Tema
C묤ics ;Tema
Deportes y juegos ;Tema
Derecho ;Tema
Econom며 ;Tema
Empresa ;Tema
Filolog며 ;Tema
Fotograf며 ;Tema
Gu며s de viaje ;Tema
Historia ;Tema
Idiomas ;Tema
Infantil ;Tema
Inform맚ica ;Tema
Ingenier며 ;Tema
Juvenil ;Tema
Libros de Texto y Formaci묥 ;Tema
Libros latinoamericanos ;Tema
Literatura ;Tema
Manualidades ;Tema
Medicina ;Tema
M믑ica ;Tema
Narrativa histrica ;Tema
Novela contempor맕ea ;Tema
Novela negra ;Tema
Oposiciones ;Tema
Psicolog며 y Pedagog며 ;Tema
Rom맕tica y er묪ica ;Tema
Salud y Dietas ;Tema
